{"Batch Loss": 3.6496105194091797, "_timestamp": 1727717487.8155382, "_runtime": 288.3028552532196, "_step": 2124, "Epoch": 46, "Average Loss": 4.713648123211331, "_wandb": {"runtime": 287}}