{"Batch Loss": 1024.2623291015625, "_timestamp": 1727717177.4231973, "_runtime": 21.1812162399292, "_step": 144, "Epoch": 3, "Average Loss": 1038.7172078450521, "_wandb": {"runtime": 38}}