{"Batch Loss": 103.90103149414062, "global_step": 45, "_timestamp": 1727717504.662407, "_runtime": 8.958475828170776, "_step": 44}