{"Batch Loss": 4.6188154220581055, "_timestamp": 1727438819.1376987, "_runtime": 6.440391540527344, "_step": 29}