{"Batch Loss": 7.56186580657959, "_timestamp": 1727439179.7702572, "_runtime": 338.6314573287964, "_step": 2299, "Epoch": 50, "Average Loss": 8.081384287940132}