{"Batch Loss": 38.26017379760742, "_timestamp": 1727438000.022789, "_runtime": 340.3208019733429, "_step": 2249, "_wandb": {"runtime": 341}}