{"Batch Loss": 31.613792419433594, "global_step": 2250, "_timestamp": 1727718009.2060168, "_runtime": 358.5780258178711, "_step": 2299, "Epoch": 50, "Average Training Loss": 24.699270269605847, "Average Validation Loss": 40.56404479344686}