{"Batch Loss": 1446.390869140625, "global_step": 45, "_timestamp": 1727717109.8848581, "_runtime": 9.378150224685669, "_step": 44, "_wandb": {"runtime": 10}}