{"Batch Loss": 7940.056640625, "_timestamp": 1728298307.9574668, "_runtime": 4.31966495513916, "_step": 9, "_wandb": {"runtime": 5}}